y,empirical_cdf,exact_cdf
0.00001029,0.00002000,0.00001543
0.00031680,0.00052000,0.00047509
0.00061523,0.00102000,0.00092241
0.00092441,0.00152000,0.00138565
0.00127757,0.00202000,0.00191452
0.00163055,0.00252000,0.00244283
0.00194014,0.00302000,0.00290598
0.00230132,0.00352000,0.00344602
0.00263514,0.00402000,0.00394491
0.00294678,0.00452000,0.00441042
0.00324157,0.00502000,0.00485055
0.00373949,0.00552000,0.00559353
0.00403351,0.00602000,0.00603200
0.00434348,0.00652000,0.00649404
0.00459865,0.00702000,0.00687424
0.00493578,0.00752000,0.00737632
0.00543197,0.00802000,0.00811485
0.00583853,0.00852000,0.00871955
0.00616024,0.00902000,0.00919779
0.00655447,0.00952000,0.00978353
0.00677473,0.01002000,0.01011064
0.00724892,0.01052000,0.01081448
0.00771422,0.01102000,0.01150464
0.00796787,0.01152000,0.01188066
0.00824046,0.01202000,0.01228460
0.00859055,0.01252000,0.01280316
0.00895464,0.01302000,0.01334216
0.00921498,0.01352000,0.01372737
0.00958547,0.01402000,0.01427533
0.00998499,0.01452000,0.01486589
0.01030121,0.01502000,0.01533304
0.01059512,0.01552000,0.01576706
0.01095507,0.01602000,0.01629833
0.01129304,0.01652000,0.01679689
0.01164586,0.01702000,0.01731710
0.01193021,0.01752000,0.01773614
0.01227622,0.01802000,0.01824582
0.01258049,0.01852000,0.01869380
0.01289226,0.01902000,0.01915260
0.01309550,0.01952000,0.01945157
0.01340928,0.02002000,0.01991299
0.01379777,0.02052000,0.02048396
0.01419696,0.02102000,0.02107029
0.01471494,0.02152000,0.02183060
0.01506480,0.02202000,0.02234380
0.01536571,0.02252000,0.02278497
0.01571010,0.02302000,0.02328966
0.01608913,0.02352000,0.02384481
0.01645777,0.02402000,0.02438443
0.01686285,0.02452000,0.02497705
0.01731863,0.02502000,0.02564343
0.01769644,0.02552000,0.02619544
0.01805136,0.02602000,0.02671374
0.01842070,0.02652000,0.02725281
0.01890431,0.02702000,0.02795819
0.01924911,0.02752000,0.02846080
0.01959449,0.02802000,0.02896400
0.01987634,0.02852000,0.02937444
0.02020957,0.02902000,0.02985948
0.02050067,0.02952000,0.03028300
0.02079302,0.03002000,0.03070815
0.02112267,0.03052000,0.03118732
0.02170150,0.03102000,0.03202813
0.02211876,0.03152000,0.03263379
0.02263541,0.03202000,0.03338318
0.02294252,0.03252000,0.03382836
0.02321450,0.03302000,0.03422245
0.02360124,0.03352000,0.03478254
0.02392998,0.03402000,0.03525839
0.02423738,0.03452000,0.03570312
0.02460552,0.03502000,0.03623547
0.02488071,0.03552000,0.03663322
0.02519552,0.03602000,0.03708802
0.02567222,0.03652000,0.03777631
0.02594602,0.03702000,0.03817141
0.02618287,0.03752000,0.03851307
0.02643889,0.03802000,0.03888223
0.02681756,0.03852000,0.03942800
0.02707279,0.03902000,0.03979568
0.02736909,0.03952000,0.04022235
0.02783795,0.04002000,0.04089711
0.02821106,0.04052000,0.04143374
0.02849445,0.04102000,0.04184112
0.02885771,0.04152000,0.04236307
0.02928070,0.04202000,0.04297049
0.02968939,0.04252000,0.04355701
0.03010104,0.04302000,0.04414739
0.03033113,0.04352000,0.04447723
0.03076583,0.04402000,0.04510009
0.03127693,0.04452000,0.04583187
0.03157100,0.04502000,0.04625268
0.03186150,0.04552000,0.04666818
0.03222317,0.04602000,0.04718522
0.03262038,0.04652000,0.04775276
0.03289275,0.04702000,0.04814173
0.03323446,0.04752000,0.04862949
0.03352853,0.04802000,0.04904906
0.03395352,0.04852000,0.04965507
0.03439277,0.04902000,0.05028102
0.03473442,0.04952000,0.05076761
0.03501828,0.05002000,0.05117169
0.03529056,0.05052000,0.05155914
0.03588917,0.05102000,0.05241037
0.03621043,0.05152000,0.05286689
0.03650196,0.05202000,0.05328098
0.03690964,0.05252000,0.05385975
0.03723363,0.05302000,0.05431944
0.03754018,0.05352000,0.05475419
0.03781564,0.05402000,0.05514467
0.03818697,0.05452000,0.05567080
0.03838443,0.05502000,0.05595047
0.03885211,0.05552000,0.05661251
0.03925287,0.05602000,0.05717944
0.03956486,0.05652000,0.05762057
0.03985563,0.05702000,0.05803149
0.04016442,0.05752000,0.05846770
0.04058548,0.05802000,0.05906218
0.04079312,0.05852000,0.05935520
0.04112712,0.05902000,0.05982634
0.04148818,0.05952000,0.06033540
0.04175611,0.06002000,0.06071297
0.04219567,0.06052000,0.06133207
0.04260913,0.06102000,0.06191404
0.04306645,0.06152000,0.06255732
0.04338123,0.06202000,0.06299986
0.04372638,0.06252000,0.06348485
0.04406460,0.06302000,0.06395984
0.04446738,0.06352000,0.06452520
0.04475422,0.06402000,0.06492761
0.04513857,0.06452000,0.06546654
0.04552547,0.06502000,0.06600874
0.04580069,0.06552000,0.06639424
0.04621101,0.06602000,0.06696869
0.04665110,0.06652000,0.06758440
0.04710881,0.06702000,0.06822435
0.04750249,0.06752000,0.06877443
0.04788968,0.06802000,0.06931510
0.04820802,0.06852000,0.06975942
0.04848769,0.06902000,0.07014957
0.04876547,0.06952000,0.07053694
0.04905663,0.07002000,0.07094278
0.04935911,0.07052000,0.07136421
0.04977524,0.07102000,0.07194368
0.05010393,0.07152000,0.07240113
0.05064377,0.07202000,0.07315196
0.05098149,0.07252000,0.07362137
0.05127859,0.07302000,0.07403412
0.05162098,0.07352000,0.07450955
0.05203687,0.07402000,0.07508672
0.05250018,0.07452000,0.07572929
0.05280447,0.07502000,0.07615106
0.05317511,0.07552000,0.07666455
0.05355042,0.07602000,0.07718419
0.05405493,0.07652000,0.07788229
0.05442509,0.07702000,0.07839414
0.05490681,0.07752000,0.07905983
0.05536732,0.07802000,0.07969577
0.05564633,0.07852000,0.08008086
0.05591248,0.07902000,0.08044803
0.05631658,0.07952000,0.08100525
0.05674809,0.08002000,0.08159989
0.05713187,0.08052000,0.08212844
0.05767034,0.08102000,0.08286950
0.05788292,0.08152000,0.08316191
0.05835118,0.08202000,0.08380566
0.05886021,0.08252000,0.08450494
0.05923698,0.08302000,0.08502220
0.05966448,0.08352000,0.08560874
0.06006731,0.08402000,0.08616108
0.06040263,0.08452000,0.08662062
0.06089294,0.08502000,0.08729213
0.06121742,0.08552000,0.08773624
0.06166688,0.08602000,0.08835109
0.06204114,0.08652000,0.08886273
0.06247901,0.08702000,0.08946097
0.06283036,0.08752000,0.08994072
0.06323474,0.08802000,0.09049257
0.06369975,0.08852000,0.09112674
0.06408201,0.08902000,0.09164773
0.06438096,0.08952000,0.09205497
0.06458859,0.09002000,0.09233769
0.06495894,0.09052000,0.09284178
0.06531919,0.09102000,0.09333186
0.06576520,0.09152000,0.09393824
0.06609587,0.09202000,0.09438753
0.06641651,0.09252000,0.09482299
0.06672107,0.09302000,0.09523642
0.06716920,0.09352000,0.09584439
0.06774302,0.09402000,0.09662229
0.06806280,0.09452000,0.09705551
0.06843550,0.09502000,0.09756016
0.06869732,0.09552000,0.09791451
0.06899072,0.09602000,0.09831143
0.06940551,0.09652000,0.09887227
0.06994337,0.09702000,0.09959900
0.07030308,0.09752000,0.10008469
0.07061984,0.09802000,0.10051217
0.07098904,0.09852000,0.10101017
0.07135632,0.09902000,0.10150531
0.07169260,0.09952000,0.10195841
0.07206046,0.10002000,0.10245381
0.07233067,0.10052000,0.10281753
0.07269150,0.10102000,0.10330298
0.07304924,0.10152000,0.10378403
0.07328034,0.10202000,0.10409465
0.07364213,0.10252000,0.10458071
0.07406695,0.10302000,0.10515113
0.07446408,0.10352000,0.10568403
0.07476225,0.10402000,0.10608391
0.07514034,0.10452000,0.10659074
0.07553418,0.10502000,0.10711838
0.07589029,0.10552000,0.10759520
0.07636109,0.10602000,0.10822519
0.07677293,0.10652000,0.10877593
0.07733891,0.10702000,0.10953223
0.07774175,0.10752000,0.11007014
0.07811633,0.10802000,0.11057002
0.07841090,0.10852000,0.11096293
0.07874972,0.10902000,0.11141465
0.07920419,0.10952000,0.11202020
0.07953373,0.11002000,0.11245902
0.07983556,0.11052000,0.11286077
0.08028370,0.11102000,0.11345692
0.08071628,0.11152000,0.11403197
0.08102375,0.11202000,0.11444049
0.08136419,0.11252000,0.11489259
0.08160290,0.11302000,0.11520947
0.08197750,0.11352000,0.11570649
0.08250314,0.11402000,0.11640345
0.08285149,0.11452000,0.11686503
0.08315965,0.11502000,0.11727315
0.08360656,0.11552000,0.11786470
0.08390176,0.11602000,0.11825524
0.08430455,0.11652000,0.11878780
0.08464678,0.11702000,0.11924006
0.08493287,0.11752000,0.11961794
0.08521541,0.11802000,0.11999097
0.08548073,0.11852000,0.12034113
0.08578395,0.11902000,0.12074113
0.08607065,0.11952000,0.12111918
0.08655906,0.12002000,0.12176283
0.08687579,0.12052000,0.12217997
0.08723351,0.12102000,0.12265086
0.08770300,0.12152000,0.12326851
0.08801640,0.12202000,0.12368056
0.08840418,0.12252000,0.12419015
0.08880723,0.12302000,0.12471947
0.08916086,0.12352000,0.12518364
0.08960277,0.12402000,0.12576333
0.08992212,0.12452000,0.12618202
0.09034045,0.12502000,0.12673016
0.09072500,0.12552000,0.12723374
0.09129851,0.12602000,0.12798422
0.09171283,0.12652000,0.12852600
0.09207997,0.12702000,0.12900579
0.09255645,0.12752000,0.12962809
0.09295631,0.12802000,0.13014997
0.09333350,0.12852000,0.13064199
0.09374778,0.12902000,0.13118206
0.09409008,0.12952000,0.13162803
0.09447981,0.13002000,0.13213553
0.09488413,0.13052000,0.13266171
0.09518337,0.13102000,0.13305093
0.09558516,0.13152000,0.13357327
0.09601495,0.13202000,0.13413168
0.09642501,0.13252000,0.13466409
0.09682805,0.13302000,0.13518708
0.09721757,0.13352000,0.13569223
0.09773043,0.13402000,0.13635688
0.09829838,0.13452000,0.13709232
0.09870236,0.13502000,0.13761505
0.09909935,0.13552000,0.13812844
0.09954697,0.13602000,0.13870694
0.09997846,0.13652000,0.13926422
0.10028734,0.13702000,0.13966291
0.10071106,0.13752000,0.14020956
0.10126310,0.13802000,0.14092122
0.10177421,0.13852000,0.14157959
0.10213837,0.13902000,0.14204837
0.10244772,0.13952000,0.14244638
0.10294506,0.14002000,0.14308590
0.10339085,0.14052000,0.14365870
0.10385402,0.14102000,0.14425345
0.10428731,0.14152000,0.14480944
0.10467494,0.14202000,0.14530655
0.10507421,0.14252000,0.14581828
0.10538737,0.14302000,0.14621943
0.10580023,0.14352000,0.14674800
0.10616695,0.14402000,0.14721723
0.10645103,0.14452000,0.14758054
0.10676428,0.14502000,0.14798097
0.10712003,0.14552000,0.14843552
0.10755998,0.14602000,0.14899730
0.10799818,0.14652000,0.14955647
0.10834885,0.14702000,0.15000370
0.10872956,0.14752000,0.15048896
0.10908787,0.14802000,0.15094541
0.10937035,0.14852000,0.15130511
0.10970260,0.14902000,0.15172797
0.11011363,0.14952000,0.15225081
0.11042949,0.15002000,0.15265237
0.11084415,0.15052000,0.15317924
0.11124647,0.15102000,0.15369012
0.11175388,0.15152000,0.15433402
0.11223712,0.15202000,0.15494679
0.11261680,0.15252000,0.15542793
0.11305449,0.15302000,0.15598223
0.11338210,0.15352000,0.15639690
0.11370645,0.15402000,0.15680723
0.11401843,0.15452000,0.15720172
0.11446685,0.15502000,0.15776843
0.11481657,0.15552000,0.15821013
0.11524046,0.15602000,0.15874519
0.11569614,0.15652000,0.15932002
0.11621447,0.15702000,0.15997339
0.11670563,0.15752000,0.16059204
0.11709481,0.15802000,0.16108192
0.11738345,0.15852000,0.16144506
0.11764764,0.15902000,0.16177730
0.11798264,0.15952000,0.16219839
0.11824145,0.16002000,0.16252358
0.11862370,0.16052000,0.16300364
0.11910725,0.16102000,0.16361051
0.11966477,0.16152000,0.16430967
0.12012458,0.16202000,0.16488586
0.12046046,0.16252000,0.16530650
0.12090720,0.16302000,0.16586565
0.12136294,0.16352000,0.16643568
0.12188412,0.16402000,0.16708708
0.12229091,0.16452000,0.16759516
0.12259054,0.16502000,0.16796919
0.12316072,0.16552000,0.16868050
0.12366349,0.16602000,0.16930721
0.12405585,0.16652000,0.16979596
0.12435255,0.16702000,0.17016536
0.12469885,0.16752000,0.17059630
0.12507991,0.16802000,0.17107025
0.12549903,0.16852000,0.17159121
0.12581098,0.16902000,0.17197875
0.12626250,0.16952000,0.17253937
0.12671898,0.17002000,0.17310576
0.12703275,0.17052000,0.17349485
0.12745461,0.17102000,0.17401768
0.12802746,0.17152000,0.17472713
0.12853726,0.17202000,0.17535797
0.12883067,0.17252000,0.17572083
0.12918623,0.17302000,0.17616033
0.12950239,0.17352000,0.17655093
0.12988311,0.17402000,0.17702105
0.13017787,0.17452000,0.17738485
0.13068134,0.17502000,0.17800586
0.13111064,0.17552000,0.17853501
0.13146736,0.17602000,0.17897444
0.13180587,0.17652000,0.17939122
0.13219584,0.17702000,0.17987110
0.13254484,0.17752000,0.18030033
0.13299859,0.17802000,0.18085804
0.13323246,0.17852000,0.18114536
0.13371906,0.17902000,0.18174282
0.13413244,0.17952000,0.18225004
0.13457969,0.18002000,0.18279846
0.13497298,0.18052000,0.18328041
0.13532217,0.18102000,0.18370809
0.13573411,0.18152000,0.18421232
0.13610464,0.18202000,0.18466561
0.13639443,0.18252000,0.18501995
0.13688379,0.18302000,0.18561795
0.13716422,0.18352000,0.18596045
0.13750374,0.18402000,0.18637492
0.13792994,0.18452000,0.18689491
0.13823866,0.18502000,0.18727135
0.13864496,0.18552000,0.18776651
0.13903801,0.18602000,0.18824525
0.13957502,0.18652000,0.18889886
0.14003406,0.18702000,0.18945717
0.14053580,0.18752000,0.19006696
0.14096034,0.18802000,0.19058257
0.14143590,0.18852000,0.19115975
0.14177385,0.18902000,0.19156967
0.14220014,0.18952000,0.19208644
0.14251384,0.19002000,0.19246652
0.14299363,0.19052000,0.19304747
0.14322284,0.19102000,0.19332487
0.14364583,0.19152000,0.19383653
0.14406937,0.19202000,0.19434853
0.14447718,0.19252000,0.19484121
0.14496367,0.19302000,0.19542856
0.14541932,0.19352000,0.19597826
0.14586872,0.19402000,0.19652008
0.14632068,0.19452000,0.19706460
0.14664234,0.19502000,0.19745192
0.14700159,0.19552000,0.19788427
0.14748109,0.19602000,0.19846099
0.14789682,0.19652000,0.19896067
0.14827868,0.19702000,0.19941936
0.14878196,0.19752000,0.20002351
0.14928580,0.19802000,0.20062787
0.14967339,0.19852000,0.20109248
0.15001010,0.19902000,0.20149588
0.15052181,0.19952000,0.20210854
0.15090607,0.20002000,0.20256831
0.15147481,0.20052000,0.20324832
0.15177851,0.20102000,0.20361120
0.15212192,0.20152000,0.20402132
0.15239143,0.20202000,0.20434304
0.15275106,0.20252000,0.20477215
0.15318858,0.20302000,0.20529386
0.15357660,0.20352000,0.20575627
0.15391665,0.20402000,0.20616129
0.15425813,0.20452000,0.20656781
0.15463718,0.20502000,0.20701880
0.15499847,0.20552000,0.20744843
0.15534943,0.20602000,0.20786555
0.15574220,0.20652000,0.20833211
0.15622710,0.20702000,0.20890772
0.15665052,0.20752000,0.20941000
0.15704472,0.20802000,0.20987734
0.15744639,0.20852000,0.21035324
0.15790252,0.20902000,0.21089334
0.15811640,0.20952000,0.21114646
0.15854367,0.21002000,0.21165188
0.15902767,0.21052000,0.21222401
0.15938167,0.21102000,0.21264221
0.15975154,0.21152000,0.21307891
0.16031500,0.21202000,0.21374373
0.16072998,0.21252000,0.21423301
0.16116678,0.21302000,0.21474767
0.16166970,0.21352000,0.21533983
0.16206244,0.21402000,0.21580193
0.16242205,0.21452000,0.21622483
0.16296576,0.21502000,0.21686379
0.16327825,0.21552000,0.21723079
0.16378054,0.21602000,0.21782033
0.16414184,0.21652000,0.21824412
0.16456026,0.21702000,0.21873461
0.16503169,0.21752000,0.21928690
0.16549628,0.21802000,0.21983077
0.16591480,0.21852000,0.22032039
0.16622367,0.21902000,0.22068154
0.16666962,0.21952000,0.22120266
0.16715254,0.22002000,0.22176661
0.16761531,0.22052000,0.22230663
0.16809179,0.22102000,0.22286227
0.16843255,0.22152000,0.22325939
0.16887395,0.22202000,0.22377350
0.16943331,0.22252000,0.22442452
0.16970306,0.22302000,0.22473827
0.16994661,0.22352000,0.22502144
0.17038497,0.22402000,0.22553085
0.17084592,0.22452000,0.22606615
0.17126506,0.22502000,0.22655258
0.17173528,0.22552000,0.22709792
0.17210321,0.22602000,0.22752437
0.17252859,0.22652000,0.22801711
0.17319229,0.22702000,0.22878527
0.17373069,0.22752000,0.22940785
0.17406667,0.22802000,0.22979611
0.17440971,0.22852000,0.23019232
0.17477402,0.22902000,0.23061289
0.17515476,0.22952000,0.23105216
0.17552935,0.23002000,0.23148410
0.17584592,0.23052000,0.23184895
0.17620950,0.23102000,0.23226776
0.17670638,0.23152000,0.23283975
0.17713263,0.23202000,0.23333010
0.17755334,0.23252000,0.23381377
0.17791118,0.23302000,0.23422491
0.17820303,0.23352000,0.23456007
0.17862785,0.23402000,0.23504768
0.17898545,0.23452000,0.23545790
0.17958140,0.23502000,0.23614103
0.17986124,0.23552000,0.23646160
0.18023132,0.23602000,0.23688534
0.18087079,0.23652000,0.23761697
0.18123443,0.23702000,0.23803271
0.18164378,0.23752000,0.23850043
0.18215157,0.23802000,0.23908023
0.18257872,0.23852000,0.23956761
0.18296272,0.23902000,0.24000550
0.18343580,0.23952000,0.24054462
0.18380671,0.24002000,0.24096703
0.18413668,0.24052000,0.24134262
0.18458113,0.24102000,0.24184823
0.18498859,0.24152000,0.24231147
0.18555232,0.24202000,0.24295190
0.18591108,0.24252000,0.24335918
0.18633520,0.24302000,0.24384039
0.18679727,0.24352000,0.24436431
0.18715305,0.24402000,0.24476746
0.18757397,0.24452000,0.24524415
0.18794305,0.24502000,0.24566187
0.18841132,0.24552000,0.24619155
0.18888633,0.24602000,0.24672845
0.18935817,0.24652000,0.24726140
0.18994033,0.24702000,0.24791844
0.19029330,0.24752000,0.24831652
0.19066444,0.24802000,0.24873488
0.19103908,0.24852000,0.24915693
0.19147814,0.24902000,0.24965127
0.19187806,0.24952000,0.25010126
0.19229800,0.25002000,0.25057348
0.19288625,0.25052000,0.25123446
0.19336503,0.25102000,0.25177201
0.19390864,0.25152000,0.25238187
0.19449939,0.25202000,0.25304406
0.19496886,0.25252000,0.25356989
0.19548567,0.25302000,0.25414831
0.19592427,0.25352000,0.25463884
0.19628573,0.25402000,0.25504287
0.19658959,0.25452000,0.25538232
0.19708975,0.25502000,0.25594076
0.19741599,0.25552000,0.25630478
0.19788101,0.25602000,0.25682335
0.19834200,0.25652000,0.25733708
0.19889357,0.25702000,0.25795127
0.19943178,0.25752000,0.25855009
0.20000552,0.25802000,0.25918791
0.20035495,0.25852000,0.25957611
0.20082211,0.25902000,0.26009477
0.20115684,0.25952000,0.26046618
0.20149000,0.26002000,0.26083565
0.20190903,0.26052000,0.26130011
0.20232279,0.26102000,0.26175844
0.20271900,0.26152000,0.26219705
0.20307199,0.26202000,0.26258760
0.20366060,0.26252000,0.26323839
0.20417497,0.26302000,0.26380662
0.20445441,0.26352000,0.26411515
0.20480699,0.26402000,0.26450423
0.20538434,0.26452000,0.26514091
0.20577656,0.26502000,0.26557312
0.20641878,0.26552000,0.26628028
0.20690927,0.26602000,0.26681990
0.20721387,0.26652000,0.26715481
0.20765942,0.26702000,0.26764443
0.20799031,0.26752000,0.26800783
0.20850454,0.26802000,0.26857223
0.20901592,0.26852000,0.26913308
0.20947494,0.26902000,0.26963613
0.20996488,0.26952000,0.27017268
0.21033259,0.27002000,0.27057511
0.21091303,0.27052000,0.27120992
0.21133670,0.27102000,0.27167293
0.21166098,0.27152000,0.27202711
0.21198841,0.27202000,0.27238456
0.21260939,0.27252000,0.27306200
0.21302669,0.27302000,0.27351688
0.21347922,0.27352000,0.27400985
0.21400437,0.27402000,0.27458150
0.21449845,0.27452000,0.27511893
0.21501870,0.27502000,0.27568439
0.21548857,0.27552000,0.27619470
0.21595686,0.27602000,0.27670295
0.21652376,0.27652000,0.27731775
0.21706426,0.27702000,0.27790342
0.21758422,0.27752000,0.27846640
0.21813840,0.27802000,0.27906594
0.21862386,0.27852000,0.27959072
0.21898225,0.27902000,0.27997790
0.21945653,0.27952000,0.28048996
0.21983192,0.28002000,0.28089499
0.22020393,0.28052000,0.28129615
0.22055744,0.28102000,0.28167715
0.22109490,0.28152000,0.28225602
0.22153466,0.28202000,0.28272931
0.22190305,0.28252000,0.28312557
0.22221206,0.28302000,0.28345776
0.22263766,0.28352000,0.28391506
0.22320788,0.28402000,0.28452728
0.22368261,0.28452000,0.28503659
0.22410284,0.28502000,0.28548713
0.22446879,0.28552000,0.28587923
0.22502182,0.28602000,0.28647137
0.22535833,0.28652000,0.28683145
0.22594566,0.28702000,0.28745948
0.22644657,0.28752000,0.28799465
0.22674348,0.28802000,0.28831168
0.22716156,0.28852000,0.28875785
0.22754087,0.28902000,0.28916241
0.22801253,0.28952000,0.28966514
0.22844000,0.29002000,0.29012047
0.22878901,0.29052000,0.29049200
0.22925647,0.29102000,0.29098934
0.22967368,0.29152000,0.29143290
0.23016016,0.29202000,0.29194977
0.23081770,0.29252000,0.29264778
0.23121382,0.29302000,0.29306796
0.23164872,0.29352000,0.29352897
0.23204900,0.29402000,0.29395302
0.23265644,0.29452000,0.29459605
0.23309681,0.29502000,0.29506185
0.23379295,0.29552000,0.29579758
0.23418968,0.29602000,0.29621652
0.23482167,0.29652000,0.29688337
0.23516684,0.29702000,0.29724732
0.23553538,0.29752000,0.29763570
0.23599253,0.29802000,0.29811717
0.23640628,0.29852000,0.29855264
0.23679424,0.29902000,0.29896072
0.23735952,0.29952000,0.29955490
0.23803513,0.30002000,0.30026438
0.23882499,0.30052000,0.30109292
0.23939689,0.30102000,0.30169222
0.23977693,0.30152000,0.30209019
0.24028242,0.30202000,0.30261916
0.24059987,0.30252000,0.30295116
0.24105531,0.30302000,0.30342720
0.24155143,0.30352000,0.30394538
0.24210657,0.30402000,0.30452475
0.24258499,0.30452000,0.30502366
0.24301957,0.30502000,0.30547655
0.24354344,0.30552000,0.30602209
0.24385293,0.30602000,0.30634419
0.24426342,0.30652000,0.30677116
0.24479279,0.30702000,0.30732141
0.24557833,0.30752000,0.30813712
0.24599057,0.30802000,0.30856481
0.24649999,0.30852000,0.30909295
0.24694615,0.30902000,0.30955518
0.24738148,0.30952000,0.31000589
0.24787545,0.31002000,0.31051696
0.24833157,0.31052000,0.31098853
0.24877811,0.31102000,0.31144988
0.24922456,0.31152000,0.31191083
0.24970831,0.31202000,0.31240994
0.25013492,0.31252000,0.31284980
0.25075360,0.31302000,0.31348719
0.25136037,0.31352000,0.31411174
0.25173171,0.31402000,0.31449368
0.25239355,0.31452000,0.31517389
0.25309445,0.31502000,0.31589350
0.25351122,0.31552000,0.31632104
0.25396374,0.31602000,0.31678495
0.25450719,0.31652000,0.31734166
0.25498617,0.31702000,0.31783196
0.25542033,0.31752000,0.31827606
0.25597441,0.31802000,0.31884242
0.25655419,0.31852000,0.31943455
0.25725600,0.31902000,0.32015062
0.25781481,0.31952000,0.32072024
0.25845892,0.32002000,0.32137622
0.25915225,0.32052000,0.32208162
0.25985507,0.32102000,0.32279593
0.26044479,0.32152000,0.32339470
0.26086155,0.32202000,0.32381754
0.26126049,0.32252000,0.32422205
0.26185466,0.32302000,0.32482407
0.26213972,0.32352000,0.32511271
0.26262689,0.32402000,0.32560570
0.26314789,0.32452000,0.32613254
0.26355945,0.32502000,0.32654842
0.26398518,0.32552000,0.32697834
0.26469629,0.32602000,0.32769585
0.26528213,0.32652000,0.32828639
0.26577755,0.32702000,0.32878537
0.26629268,0.32752000,0.32930381
0.26692667,0.32802000,0.32994133
0.26745137,0.32852000,0.33046849
0.26808609,0.32902000,0.33110564
0.26876744,0.32952000,0.33178891
0.26925987,0.33002000,0.33228230
0.26983966,0.33052000,0.33286276
0.27043320,0.33102000,0.33345645
0.27093450,0.33152000,0.33395747
0.27137002,0.33202000,0.33439244
0.27190981,0.33252000,0.33493115
0.27246766,0.33302000,0.33548743
0.27297145,0.33352000,0.33598941
0.27357561,0.33402000,0.33659089
0.27391897,0.33452000,0.33693248
0.27443613,0.33502000,0.33744665
0.27506007,0.33552000,0.33806645
0.27550903,0.33602000,0.33851207
0.27605525,0.33652000,0.33905383
0.27675882,0.33702000,0.33975099
0.27721205,0.33752000,0.34019970
0.27781854,0.33802000,0.34079968
0.27817851,0.33852000,0.34115551
0.27865891,0.33902000,0.34163011
0.27914137,0.33952000,0.34210639
0.27962727,0.34002000,0.34258573
0.28010688,0.34052000,0.34305851
0.28054381,0.34102000,0.34348892
0.28097393,0.34152000,0.34391236
0.28142803,0.34202000,0.34435910
0.28205144,0.34252000,0.34497191
0.28250207,0.34302000,0.34541453
0.28297584,0.34352000,0.34587954
0.28359805,0.34402000,0.34648976
0.28416202,0.34452000,0.34704237
0.28472499,0.34502000,0.34759352
0.28520537,0.34552000,0.34806346
0.28592223,0.34602000,0.34876410
0.28645967,0.34652000,0.34928889
0.28694261,0.34702000,0.34976011
0.28745498,0.34752000,0.35025966
0.28793819,0.34802000,0.35073043
0.28848264,0.34852000,0.35126046
0.28896205,0.34902000,0.35172681
0.28947346,0.34952000,0.35222391
0.29007247,0.35002000,0.35280569
0.29068725,0.35052000,0.35340223
0.29102583,0.35102000,0.35373054
0.29161563,0.35152000,0.35430204
0.29199569,0.35202000,0.35467005
0.29253957,0.35252000,0.35519631
0.29321690,0.35302000,0.35585109
0.29378991,0.35352000,0.35640451
0.29429088,0.35402000,0.35688796
0.29487527,0.35452000,0.35745146
0.29528642,0.35502000,0.35784761
0.29573045,0.35552000,0.35827516
0.29642150,0.35602000,0.35894001
0.29691614,0.35652000,0.35941548
0.29745538,0.35702000,0.35993342
0.29792774,0.35752000,0.36038677
0.29870157,0.35802000,0.36112876
0.29921653,0.35852000,0.36162206
0.29980712,0.35902000,0.36218735
0.30031340,0.35952000,0.36267152
0.30093660,0.36002000,0.36326703
0.30139170,0.36052000,0.36370154
0.30205252,0.36102000,0.36433195
0.30239587,0.36152000,0.36465925
0.30293349,0.36202000,0.36517140
0.30339564,0.36252000,0.36561132
0.30394134,0.36302000,0.36613039
0.30450601,0.36352000,0.36666705
0.30489680,0.36402000,0.36703819
0.30543449,0.36452000,0.36754850
0.30588375,0.36502000,0.36797455
0.30643158,0.36552000,0.36849370
0.30706741,0.36602000,0.36909572
0.30744800,0.36652000,0.36945578
0.30806057,0.36702000,0.37003490
0.30867642,0.36752000,0.37061657
0.30920563,0.36802000,0.37111599
0.30988956,0.36852000,0.37176083
0.31043996,0.36902000,0.37227929
0.31102926,0.36952000,0.37283392
0.31141996,0.37002000,0.37320136
0.31212893,0.37052000,0.37386758
0.31273378,0.37102000,0.37443539
0.31320765,0.37152000,0.37487989
0.31394400,0.37202000,0.37556997
0.31444542,0.37252000,0.37603945
0.31494067,0.37302000,0.37650280
0.31567206,0.37352000,0.37718645
0.31616765,0.37402000,0.37764927
0.31653278,0.37452000,0.37799004
0.31717201,0.37502000,0.37858616
0.31773336,0.37552000,0.37910919
0.31811723,0.37602000,0.37946660
0.31879388,0.37652000,0.38009611
0.31927445,0.37702000,0.38054280
0.31977376,0.37752000,0.38100658
0.32031083,0.37802000,0.38150505
0.32091614,0.37852000,0.38206636
0.32134348,0.37902000,0.38246234
0.32179453,0.37952000,0.38288000
0.32221546,0.38002000,0.38326953
0.32266598,0.38052000,0.38368616
0.32319080,0.38102000,0.38417115
0.32379879,0.38152000,0.38473253
0.32433444,0.38202000,0.38522667
0.32493950,0.38252000,0.38578439
0.32530219,0.38302000,0.38611845
0.32566185,0.38352000,0.38644954
0.32633927,0.38402000,0.38707267
0.32683053,0.38452000,0.38752417
0.32726980,0.38502000,0.38792760
0.32780144,0.38552000,0.38841551
0.32834383,0.38602000,0.38891288
0.32891530,0.38652000,0.38943648
0.32928889,0.38702000,0.38977854
0.32980024,0.38752000,0.39024642
0.33027819,0.38802000,0.39068340
0.33073775,0.38852000,0.39110328
0.33145964,0.38902000,0.39176227
0.33207854,0.38952000,0.39232666
0.33262626,0.39002000,0.39282570
0.33325735,0.39052000,0.39340021
0.33375186,0.39102000,0.39384999
0.33420369,0.39152000,0.39426067
0.33487053,0.39202000,0.39486627
0.33544746,0.39252000,0.39538972
0.33592838,0.39302000,0.39582571
0.33671278,0.39352000,0.39653617
0.33734770,0.39402000,0.39711062
0.33791633,0.39452000,0.39762464
0.33860799,0.39502000,0.39824927
0.33910787,0.39552000,0.39870030
0.33945353,0.39602000,0.39901199
0.33993536,0.39652000,0.39944619
0.34064184,0.39702000,0.40008227
0.34122695,0.39752000,0.40060857
0.34176321,0.39802000,0.40109052
0.34237290,0.39852000,0.40163800
0.34275998,0.39902000,0.40198532
0.34318632,0.39952000,0.40236763
0.34390455,0.40002000,0.40301114
0.34438162,0.40052000,0.40343820
0.34495022,0.40102000,0.40394678
0.34565405,0.40152000,0.40457573
0.34634416,0.40202000,0.40519177
0.34709068,0.40252000,0.40585746
0.34773785,0.40302000,0.40643395
0.34842693,0.40352000,0.40704715
0.34909261,0.40402000,0.40763893
0.34962527,0.40452000,0.40811203
0.35023907,0.40502000,0.40865674
0.35077310,0.40552000,0.40913024
0.35126327,0.40602000,0.40956451
0.35183049,0.40652000,0.41006666
0.35255114,0.40702000,0.41070402
0.35313956,0.40752000,0.41122392
0.35357316,0.40802000,0.41160674
0.35406328,0.40852000,0.41203915
0.35464987,0.40902000,0.41255626
0.35534943,0.40952000,0.41317237
0.35592742,0.41002000,0.41368092
0.35647611,0.41052000,0.41416328
0.35701319,0.41102000,0.41463505
0.35778665,0.41152000,0.41531379
0.35832698,0.41202000,0.41578748
0.35881099,0.41252000,0.41621148
0.35926327,0.41302000,0.41660740
0.35983464,0.41352000,0.41710718
0.36047667,0.41402000,0.41766826
0.36109644,0.41452000,0.41820938
0.36173742,0.41502000,0.41876849
0.36230254,0.41552000,0.41926098
0.36284569,0.41602000,0.41973393
0.36339535,0.41652000,0.42021216
0.36380401,0.41702000,0.42056745
0.36437750,0.41752000,0.42106568
0.36502480,0.41802000,0.42162753
0.36586122,0.41852000,0.42235271
0.36641287,0.41902000,0.42283051
0.36702318,0.41952000,0.42335864
0.36757217,0.42002000,0.42383330
0.36806598,0.42052000,0.42425992
0.36853363,0.42102000,0.42466365
0.36896903,0.42152000,0.42503928
0.36947448,0.42202000,0.42547503
0.37015645,0.42252000,0.42606245
0.37084394,0.42302000,0.42665400
0.37131212,0.42352000,0.42705651
0.37191328,0.42402000,0.42757292
0.37252750,0.42452000,0.42810007
0.37303147,0.42502000,0.42853224
0.37364810,0.42552000,0.42906057
0.37436933,0.42602000,0.42967791
0.37485400,0.42652000,0.43009238
0.37540121,0.42702000,0.43055998
0.37602407,0.42752000,0.43109175
0.37654257,0.42802000,0.43153405
0.37724798,0.42852000,0.43213523
0.37786013,0.42902000,0.43265642
0.37858779,0.42952000,0.43327533
0.37926718,0.43002000,0.43385258
0.37978866,0.43052000,0.43429526
0.38039071,0.43102000,0.43480590
0.38099739,0.43152000,0.43532001
0.38170821,0.43202000,0.43592176
0.38216186,0.43252000,0.43630547
0.38281696,0.43302000,0.43685912
0.38336505,0.43352000,0.43732190
0.38391960,0.43402000,0.43778975
0.38439068,0.43452000,0.43818688
0.38482540,0.43502000,0.43855311
0.38556160,0.43552000,0.43917278
0.38614892,0.43602000,0.43966663
0.38696888,0.43652000,0.44035539
0.38760647,0.43702000,0.44089036
0.38827922,0.43752000,0.44145430
0.38878928,0.43802000,0.44188147
0.38939437,0.43852000,0.44238781
0.38995882,0.43902000,0.44285973
0.39057490,0.43952000,0.44337435
0.39111414,0.44002000,0.44382440
0.39170935,0.44052000,0.44432074
0.39228531,0.44102000,0.44480061
0.39304023,0.44152000,0.44542895
0.39365874,0.44202000,0.44594322
0.39426704,0.44252000,0.44644854
0.39496404,0.44302000,0.44702698
0.39552460,0.44352000,0.44749175
0.39593369,0.44402000,0.44783067
0.39647234,0.44452000,0.44827664
0.39693069,0.44502000,0.44865583
0.39733995,0.44552000,0.44899419
0.39793334,0.44602000,0.44948441
0.39871427,0.44652000,0.45012890
0.39918835,0.44702000,0.45051980
0.39970217,0.44752000,0.45094313
0.40017925,0.44802000,0.45133590
0.40069156,0.44852000,0.45175737
0.40117801,0.44902000,0.45215727
0.40181083,0.44952000,0.45267705
0.40248398,0.45002000,0.45322941
0.40314690,0.45052000,0.45377284
0.40360504,0.45102000,0.45414809
0.40418772,0.45152000,0.45462497
0.40472562,0.45202000,0.45506482
0.40510989,0.45252000,0.45537884
0.40575055,0.45302000,0.45590196
0.40627712,0.45352000,0.45633155
0.40679614,0.45402000,0.45675464
0.40730633,0.45452000,0.45717023
0.40774366,0.45502000,0.45752620
0.40846441,0.45552000,0.45811236
0.40934681,0.45602000,0.45882913
0.40995474,0.45652000,0.45932240
0.41047537,0.45702000,0.45974447
0.41100748,0.45752000,0.46017551
0.41149362,0.45802000,0.46056902
0.41207030,0.45852000,0.46103543
0.41252230,0.45902000,0.46140073
0.41319140,0.45952000,0.46194102
0.41372762,0.46002000,0.46237363
0.41427783,0.46052000,0.46281715
0.41500363,0.46102000,0.46340167
0.41562156,0.46152000,0.46389880
0.41659240,0.46202000,0.46467894
0.41722559,0.46252000,0.46518714
0.41773941,0.46302000,0.46559917
0.41835934,0.46352000,0.46609588
0.41905169,0.46402000,0.46665007
0.41976406,0.46452000,0.46721968
0.42041744,0.46502000,0.46774158
0.42102491,0.46552000,0.46822636
0.42155835,0.46602000,0.46865169
0.42225821,0.46652000,0.46920920
0.42288201,0.46702000,0.46970563
0.42358768,0.46752000,0.47026665
0.42428134,0.46802000,0.47081755
0.42481951,0.46852000,0.47124457
0.42549054,0.46902000,0.47177651
0.42619004,0.46952000,0.47233046
0.42668344,0.47002000,0.47272085
0.42760514,0.47052000,0.47344933
0.42829420,0.47102000,0.47399328
0.42915519,0.47152000,0.47467218
0.43001219,0.47202000,0.47534705
0.43049966,0.47252000,0.47573054
0.43111184,0.47302000,0.47621174
0.43169042,0.47352000,0.47666612
0.43240735,0.47402000,0.47722861
0.43317904,0.47452000,0.47783339
0.43378461,0.47502000,0.47830749
0.43432653,0.47552000,0.47873138
0.43498950,0.47602000,0.47924951
0.43554745,0.47652000,0.47968516
0.43620540,0.47702000,0.48019841
0.43679963,0.47752000,0.48066153
0.43755147,0.47802000,0.48124689
0.43815468,0.47852000,0.48171605
0.43864037,0.47902000,0.48209350
0.43924395,0.47952000,0.48256219
0.43973141,0.48002000,0.48294039
0.44019393,0.48052000,0.48329900
0.44085526,0.48102000,0.48381130
0.44135409,0.48152000,0.48419740
0.44224073,0.48202000,0.48488294
0.44290488,0.48252000,0.48539586
0.44360819,0.48302000,0.48593845
0.44435372,0.48352000,0.48651301
0.44501555,0.48402000,0.48702251
0.44571298,0.48452000,0.48755889
0.44665841,0.48502000,0.48828508
0.44724606,0.48552000,0.48873595
0.44813524,0.48602000,0.48941741
0.44883477,0.48652000,0.48995287
0.44930430,0.48702000,0.49031197
0.45006974,0.48752000,0.49089684
0.45058618,0.48802000,0.49129107
0.45135477,0.48852000,0.49187721
0.45203711,0.48902000,0.49239701
0.45294814,0.48952000,0.49309021
0.45345444,0.49002000,0.49347503
0.45410486,0.49052000,0.49396897
0.45490105,0.49102000,0.49457296
0.45552863,0.49152000,0.49504853
0.45635831,0.49202000,0.49567656
0.45688296,0.49252000,0.49607329
0.45733769,0.49302000,0.49641690
0.45810161,0.49352000,0.49699362
0.45871301,0.49402000,0.49745471
0.45931728,0.49452000,0.49791002
0.45997737,0.49502000,0.49840690
0.46055768,0.49552000,0.49884334
0.46093868,0.49602000,0.49912967
0.46147376,0.49652000,0.49953151
0.46203529,0.49702000,0.49995287
0.46277451,0.49752000,0.50050704
0.46349220,0.49802000,0.50104447
0.46411456,0.49852000,0.50151004
0.46477662,0.49902000,0.50200484
0.46535645,0.49952000,0.50243778
0.46591929,0.50002000,0.50285768
0.46648219,0.50052000,0.50327727
0.46709534,0.50102000,0.50373390
0.46759374,0.50152000,0.50410477
0.46846231,0.50202000,0.50475043
0.46911428,0.50252000,0.50523452
0.47006897,0.50302000,0.50594254
0.47082754,0.50352000,0.50650439
0.47151545,0.50402000,0.50701335
0.47224328,0.50452000,0.50755127
0.47275738,0.50502000,0.50793087
0.47341226,0.50552000,0.50841400
0.47403445,0.50602000,0.50887258
0.47467237,0.50652000,0.50934230
0.47515921,0.50702000,0.50970048
0.47578399,0.50752000,0.51015976
0.47619665,0.50802000,0.51046287
0.47691956,0.50852000,0.51099342
0.47761714,0.50902000,0.51150484
0.47837214,0.50952000,0.51205775
0.47892520,0.51002000,0.51246237
0.47953572,0.51052000,0.51290864
0.48007646,0.51102000,0.51330357
0.48091587,0.51152000,0.51391599
0.48190686,0.51202000,0.51463801
0.48240392,0.51252000,0.51499975
0.48298375,0.51302000,0.51542140
0.48358211,0.51352000,0.51585613
0.48447500,0.51402000,0.51650413
0.48499327,0.51452000,0.51687985
0.48572943,0.51502000,0.51741304
0.48628562,0.51552000,0.51781548
0.48693784,0.51602000,0.51828699
0.48765360,0.51652000,0.51880390
0.48829697,0.51702000,0.51926806
0.48915572,0.51752000,0.51988690
0.48997866,0.51802000,0.52047919
0.49051693,0.51852000,0.52086620
0.49134394,0.51902000,0.52146021
0.49212622,0.51952000,0.52202141
0.49289033,0.52002000,0.52256893
0.49364276,0.52052000,0.52310748
0.49442450,0.52102000,0.52366636
0.49495055,0.52152000,0.52404208
0.49584049,0.52202000,0.52467701
0.49671151,0.52252000,0.52529763
0.49745576,0.52302000,0.52582728
0.49789684,0.52352000,0.52614090
0.49865140,0.52402000,0.52667693
0.49939018,0.52452000,0.52720116
0.49985978,0.52502000,0.52753408
0.50061542,0.52552000,0.52806930
0.50159087,0.52602000,0.52875932
0.50209668,0.52652000,0.52911672
0.50271420,0.52702000,0.52955268
0.50352698,0.52752000,0.53012589
0.50440058,0.52802000,0.53074121
0.50503535,0.52852000,0.53118780
0.50582089,0.52902000,0.53173989
0.50657660,0.52952000,0.53227038
0.50747413,0.53002000,0.53289966
0.50823199,0.53052000,0.53343036
0.50902350,0.53102000,0.53398397
0.50970591,0.53152000,0.53446075
0.51030199,0.53202000,0.53487681
0.51091508,0.53252000,0.53530436
0.51153267,0.53302000,0.53573464
0.51201902,0.53352000,0.53607321
0.51279982,0.53402000,0.53661625
0.51338847,0.53452000,0.53702522
0.51400803,0.53502000,0.53745528
0.51492683,0.53552000,0.53809232
0.51571271,0.53602000,0.53863651
0.51659081,0.53652000,0.53924379
0.51720390,0.53702000,0.53966733
0.51803478,0.53752000,0.54024069
0.51863467,0.53802000,0.54065422
0.51925242,0.53852000,0.54107966
0.51994525,0.53902000,0.54155634
0.52067064,0.53952000,0.54205489
0.52172379,0.54002000,0.54277775
0.52256543,0.54052000,0.54335461
0.52352646,0.54102000,0.54401241
0.52407060,0.54152000,0.54438444
0.52503970,0.54202000,0.54504627
0.52579355,0.54252000,0.54556043
0.52657550,0.54302000,0.54609314
0.52738830,0.54352000,0.54664620
0.52800590,0.54402000,0.54706599
0.52881931,0.54452000,0.54761829
0.52940560,0.54502000,0.54801595
0.53020497,0.54552000,0.54855759
0.53082648,0.54602000,0.54897826
0.53148578,0.54652000,0.54942407
0.53207836,0.54702000,0.54982439
0.53287812,0.54752000,0.55036412
0.53351845,0.54802000,0.55079578
0.53410795,0.54852000,0.55119282
0.53495878,0.54902000,0.55176524
0.53577030,0.54952000,0.55231054
0.53656503,0.55002000,0.55284391
0.53741382,0.55052000,0.55341286
0.53809574,0.55102000,0.55386943
0.53897427,0.55152000,0.55445695
0.53967467,0.55202000,0.55492479
0.54076176,0.55252000,0.55564996
0.54157147,0.55302000,0.55618932
0.54211415,0.55352000,0.55655044
0.54298090,0.55402000,0.55712661
0.54364477,0.55452000,0.55756741
0.54416482,0.55502000,0.55791240
0.54482707,0.55552000,0.55835134
0.54551989,0.55602000,0.55881008
0.54611115,0.55652000,0.55920119
0.54671145,0.55702000,0.55959793
0.54761141,0.55752000,0.56019204
0.54808434,0.55802000,0.56050393
0.54871601,0.55852000,0.56092016
0.54934340,0.55902000,0.56133317
0.55003666,0.55952000,0.56178911
0.55079457,0.56002000,0.56228701
0.55163351,0.56052000,0.56283749
0.55236313,0.56102000,0.56331567
0.55312759,0.56152000,0.56381612
0.55385633,0.56202000,0.56429266
0.55473314,0.56252000,0.56486533
0.55547058,0.56302000,0.56534639
0.55624509,0.56352000,0.56585106
0.55686504,0.56402000,0.56625460
0.55756753,0.56452000,0.56671142
0.55852747,0.56502000,0.56733486
0.55911961,0.56552000,0.56771899
0.55985682,0.56602000,0.56819675
0.56066921,0.56652000,0.56872262
0.56127098,0.56702000,0.56911174
0.56177705,0.56752000,0.56943870
0.56263285,0.56802000,0.56999106
0.56337649,0.56852000,0.57047045
0.56421983,0.56902000,0.57101346
0.56505900,0.56952000,0.57155312
0.56563484,0.57002000,0.57192303
0.56649489,0.57052000,0.57247493
0.56724714,0.57102000,0.57295706
0.56765125,0.57152000,0.57321584
0.56814653,0.57202000,0.57353279
0.56885069,0.57252000,0.57398301
0.56951934,0.57302000,0.57441007
0.57029642,0.57352000,0.57490586
0.57106234,0.57402000,0.57539396
0.57179276,0.57452000,0.57585892
0.57234564,0.57502000,0.57621052
0.57325570,0.57552000,0.57678864
0.57394442,0.57602000,0.57722562
0.57457295,0.57652000,0.57762402
0.57548064,0.57702000,0.57819872
0.57609215,0.57752000,0.57858544
0.57713984,0.57802000,0.57924719
0.57777802,0.57852000,0.57964977
0.57853688,0.57902000,0.58012798
0.57956581,0.57952000,0.58077551
0.58062325,0.58002000,0.58143994
0.58126072,0.58052000,0.58183997
0.58200183,0.58102000,0.58230457
0.58285029,0.58152000,0.58283583
0.58348324,0.58202000,0.58323171
0.58432174,0.58252000,0.58375557
0.58517618,0.58302000,0.58428871
0.58594926,0.58352000,0.58477050
0.58652708,0.58402000,0.58513023
0.58710316,0.58452000,0.58548858
0.58793650,0.58502000,0.58600639
0.58868609,0.58552000,0.58647162
0.58976804,0.58602000,0.58714220
0.59073790,0.58652000,0.58774239
0.59181137,0.58702000,0.58840567
0.59252333,0.58752000,0.58884500
0.59326129,0.58802000,0.58929987
0.59415102,0.58852000,0.58984762
0.59515927,0.58902000,0.59046746
0.59614422,0.58952000,0.59107206
0.59679144,0.59002000,0.59146887
0.59732640,0.59052000,0.59179656
0.59797388,0.59102000,0.59219282
0.59892556,0.59152000,0.59277456
0.59969187,0.59202000,0.59324238
0.60064738,0.59252000,0.59382495
0.60139768,0.59302000,0.59428183
0.60238739,0.59352000,0.59488369
0.60338678,0.59402000,0.59549054
0.60392656,0.59452000,0.59581793
0.60468650,0.59502000,0.59627840
0.60544281,0.59552000,0.59673615
0.60627733,0.59602000,0.59724063
0.60698714,0.59652000,0.59766923
0.60785620,0.59702000,0.59819336
0.60855892,0.59752000,0.59861667
0.60951630,0.59802000,0.59919268
0.61049286,0.59852000,0.59977936
0.61108073,0.59902000,0.60013212
0.61161882,0.59952000,0.60045474
0.61238043,0.60002000,0.60091092
0.61332310,0.60052000,0.60147484
0.61404061,0.60102000,0.60190353
0.61477623,0.60152000,0.60234256
0.61560695,0.60202000,0.60283776
0.61625148,0.60252000,0.60322155
0.61723903,0.60302000,0.60380887
0.61810758,0.60352000,0.60432471
0.61901409,0.60402000,0.60486237
0.61974489,0.60452000,0.60529528
0.62046031,0.60502000,0.60571862
0.62165962,0.60552000,0.60642728
0.62258955,0.60602000,0.60697589
0.62358693,0.60652000,0.60756344
0.62443880,0.60702000,0.60806458
0.62557490,0.60752000,0.60873193
0.62630176,0.60802000,0.60915829
0.62726572,0.60852000,0.60972302
0.62806306,0.60902000,0.61018951
0.62865696,0.60952000,0.61053662
0.62948259,0.61002000,0.61101865
0.63047285,0.61052000,0.61159601
0.63142315,0.61102000,0.61214927
0.63213709,0.61152000,0.61256440
0.63277243,0.61202000,0.61293346
0.63367058,0.61252000,0.61345457
0.63453207,0.61302000,0.61395375
0.63523442,0.61352000,0.61436025
0.63649761,0.61402000,0.61509026
0.63752780,0.61452000,0.61568460
0.63844279,0.61502000,0.61621170
0.63905974,0.61552000,0.61656671
0.63990641,0.61602000,0.61705336
0.64089880,0.61652000,0.61762298
0.64194092,0.61702000,0.61822024
0.64289681,0.61752000,0.61876726
0.64390624,0.61802000,0.61934406
0.64493837,0.61852000,0.61993293
0.64554789,0.61902000,0.62028026
0.64644105,0.61952000,0.62078865
0.64737244,0.62002000,0.62131807
0.64824466,0.62052000,0.62181319
0.64901467,0.62102000,0.62224975
0.64984627,0.62152000,0.62272066
0.65097480,0.62202000,0.62335878
0.65199882,0.62252000,0.62393686
0.65283985,0.62302000,0.62441098
0.65367541,0.62352000,0.62488143
0.65427968,0.62402000,0.62522129
0.65496654,0.62452000,0.62560722
0.65613949,0.62502000,0.62626535
0.65666815,0.62552000,0.62656160
0.65763116,0.62602000,0.62710065
0.65853612,0.62652000,0.62760650
0.65952217,0.62702000,0.62815689
0.66046145,0.62752000,0.62868042
0.66137392,0.62802000,0.62918829
0.66226644,0.62852000,0.62968440
0.66308395,0.62902000,0.63013823
0.66375098,0.62952000,0.63050810
0.66495134,0.63002000,0.63117279
0.66574783,0.63052000,0.63161318
0.66687933,0.63102000,0.63223789
0.66782504,0.63152000,0.63275922
0.66869423,0.63202000,0.63323771
0.66967945,0.63252000,0.63377932
0.67058400,0.63302000,0.63427588
0.67145473,0.63352000,0.63475324
0.67242203,0.63402000,0.63528281
0.67313840,0.63452000,0.63567451
0.67376561,0.63502000,0.63601711
0.67454159,0.63552000,0.63644053
0.67544607,0.63602000,0.63693344
0.67637671,0.63652000,0.63743991
0.67725060,0.63702000,0.63791486
0.67784856,0.63752000,0.63823948
0.67867770,0.63802000,0.63868913
0.67950716,0.63852000,0.63913839
0.68047578,0.63902000,0.63966232
0.68151904,0.63952000,0.64022576
0.68224102,0.64002000,0.64061518
0.68303658,0.64052000,0.64104379
0.68410444,0.64102000,0.64161830
0.68502847,0.64152000,0.64211469
0.68595016,0.64202000,0.64260913
0.68662696,0.64252000,0.64297177
0.68741817,0.64302000,0.64339525
0.68805969,0.64352000,0.64373824
0.68868891,0.64402000,0.64407433
0.68962500,0.64452000,0.64457375
0.69046385,0.64502000,0.64502069
0.69150700,0.64552000,0.64557570
0.69234807,0.64602000,0.64602256
0.69319963,0.64652000,0.64647442
0.69437616,0.64702000,0.64709777
0.69534350,0.64752000,0.64760947
0.69632664,0.64802000,0.64812876
0.69727845,0.64852000,0.64863077
0.69815244,0.64902000,0.64909111
0.69879718,0.64952000,0.64943031
0.69947637,0.65002000,0.64978729
0.70045015,0.65052000,0.65029846
0.70139023,0.65102000,0.65079123
0.70285153,0.65152000,0.65155584
0.70377647,0.65202000,0.65203894
0.70477906,0.65252000,0.65256184
0.70566379,0.65302000,0.65302262
0.70630989,0.65352000,0.65335873
0.70728171,0.65402000,0.65386367
0.70805281,0.65452000,0.65426380
0.70891184,0.65502000,0.65470901
0.71020933,0.65552000,0.65538037
0.71101405,0.65602000,0.65579610
0.71194557,0.65652000,0.65627672
0.71284633,0.65702000,0.65674082
0.71396160,0.65752000,0.65731458
0.71496586,0.65802000,0.65783041
0.71626157,0.65852000,0.65849479
0.71732374,0.65902000,0.65903846
0.71830034,0.65952000,0.65953757
0.71929911,0.66002000,0.66004726
0.72009136,0.66052000,0.66045101
0.72096060,0.66102000,0.66089344
0.72233252,0.66152000,0.66159057
0.72330710,0.66202000,0.66208492
0.72393447,0.66252000,0.66240276
0.72468801,0.66302000,0.66278414
0.72591164,0.66352000,0.66340251
0.72688188,0.66402000,0.66389203
0.72788310,0.66452000,0.66439643
0.72885805,0.66502000,0.66488686
0.72993578,0.66552000,0.66542817
0.73105620,0.66602000,0.66598998
0.73228558,0.66652000,0.66660536
0.73318474,0.66702000,0.66705471
0.73449175,0.66752000,0.66770682
0.73544635,0.66802000,0.66818229
0.73652597,0.66852000,0.66871921
0.73750844,0.66902000,0.66920706
0.73842886,0.66952000,0.66966345
0.73979916,0.67002000,0.67034174
0.74051542,0.67052000,0.67069573
0.74161384,0.67102000,0.67123786
0.74240348,0.67152000,0.67162703
0.74369401,0.67202000,0.67226208
0.74506467,0.67252000,0.67293521
0.74577394,0.67302000,0.67328300
0.74712541,0.67352000,0.67394465
0.74811938,0.67402000,0.67443042
0.74928215,0.67452000,0.67499777
0.75051833,0.67502000,0.67559985
0.75136592,0.67552000,0.67601203
0.75239165,0.67602000,0.67651013
0.75338917,0.67652000,0.67699380
0.75428072,0.67702000,0.67742548
0.75509204,0.67752000,0.67781780
0.75601349,0.67802000,0.67826280
0.75707514,0.67852000,0.67877476
0.75793350,0.67902000,0.67918808
0.75904008,0.67952000,0.67972014
0.76035123,0.68002000,0.68034943
0.76127031,0.68052000,0.68078980
0.76259368,0.68102000,0.68142282
0.76380921,0.68152000,0.68200315
0.76499391,0.68202000,0.68256775
0.76612668,0.68252000,0.68310666
0.76714058,0.68302000,0.68358824
0.76824223,0.68352000,0.68411067
0.76958230,0.68402000,0.68474500
0.77066063,0.68452000,0.68525451
0.77195123,0.68502000,0.68586324
0.77294877,0.68552000,0.68633293
0.77420195,0.68602000,0.68692200
0.77532448,0.68652000,0.68744872
0.77646033,0.68702000,0.68798078
0.77784094,0.68752000,0.68862628
0.77899135,0.68802000,0.68916312
0.77990883,0.68852000,0.68959061
0.78103525,0.68902000,0.69011465
0.78187378,0.68952000,0.69050417
0.78312564,0.69002000,0.69108480
0.78398291,0.69052000,0.69148178
0.78487081,0.69102000,0.69189240
0.78600534,0.69152000,0.69241629
0.78752752,0.69202000,0.69311779
0.78865958,0.69252000,0.69363846
0.78977410,0.69302000,0.69415020
0.79088087,0.69352000,0.69465754
0.79199937,0.69402000,0.69516940
0.79284304,0.69452000,0.69555492
0.79390088,0.69502000,0.69603761
0.79519705,0.69552000,0.69662802
0.79648755,0.69602000,0.69721470
0.79767517,0.69652000,0.69775362
0.79878909,0.69702000,0.69825821
0.80003032,0.69752000,0.69881949
0.80104108,0.69802000,0.69927577
0.80181815,0.69852000,0.69962609
0.80283270,0.69902000,0.70008286
0.80443866,0.69952000,0.70080448
0.80544467,0.70002000,0.70125563
0.80626111,0.70052000,0.70162126
0.80749782,0.70102000,0.70217426
0.80846876,0.70152000,0.70260770
0.80942730,0.70202000,0.70303499
0.81066708,0.70252000,0.70358673
0.81132790,0.70302000,0.70388040
0.81230425,0.70352000,0.70431376
0.81315759,0.70402000,0.70469200
0.81423812,0.70452000,0.70517024
0.81540904,0.70502000,0.70568762
0.81662988,0.70552000,0.70622609
0.81768463,0.70602000,0.70669051
0.81890645,0.70652000,0.70722758
0.81990170,0.70702000,0.70766432
0.82090031,0.70752000,0.70810189
0.82227959,0.70802000,0.70870518
0.82357071,0.70852000,0.70926878
0.82469179,0.70902000,0.70975726
0.82573534,0.70952000,0.71021123
0.82654019,0.71002000,0.71056088
0.82796743,0.71052000,0.71117986
0.82873920,0.71102000,0.71151402
0.82984414,0.71152000,0.71199177
0.83104033,0.71202000,0.71250807
0.83210736,0.71252000,0.71296785
0.83288068,0.71302000,0.71330061
0.83451528,0.71352000,0.71400270
0.83567063,0.71402000,0.71449792
0.83699616,0.71452000,0.71506501
0.83840231,0.71502000,0.71566537
0.83930010,0.71552000,0.71604802
0.84021879,0.71602000,0.71643905
0.84126522,0.71652000,0.71688379
0.84214996,0.71702000,0.71725927
0.84367467,0.71752000,0.71790517
0.84491785,0.71802000,0.71843073
0.84572579,0.71852000,0.71877176
0.84680887,0.71902000,0.71922827
0.84805680,0.71952000,0.71975336
0.84897102,0.72002000,0.72013741
0.85003750,0.72052000,0.72058475
0.85123406,0.72102000,0.72108580
0.85226816,0.72152000,0.72151811
0.85339467,0.72202000,0.72198828
0.85486172,0.72252000,0.72259939
0.85557586,0.72302000,0.72289639
0.85660173,0.72352000,0.72332247
0.85781517,0.72402000,0.72382561
0.85915258,0.72452000,0.72437909
0.85998274,0.72502000,0.72472209
0.86122479,0.72552000,0.72523448
0.86222436,0.72602000,0.72564614
0.86319530,0.72652000,0.72604542
0.86440679,0.72702000,0.72654281
0.86609370,0.72752000,0.72723388
0.86717771,0.72802000,0.72767704
0.86840403,0.72852000,0.72817751
0.86962110,0.72902000,0.72867330
0.87118725,0.72952000,0.72930996
0.87221721,0.73002000,0.72972784
0.87332651,0.73052000,0.73017718
0.87462931,0.73102000,0.73070396
0.87589667,0.73152000,0.73121541
0.87750312,0.73202000,0.73186232
0.87877171,0.73252000,0.73237207
0.87976904,0.73302000,0.73277214
0.88084315,0.73352000,0.73320234
0.88228406,0.73402000,0.73377836
0.88328377,0.73452000,0.73417728
0.88470798,0.73502000,0.73474456
0.88600312,0.73552000,0.73525937
0.88730516,0.73602000,0.73577592
0.88880309,0.73652000,0.73636893
0.89024464,0.73702000,0.73693838
0.89153536,0.73752000,0.73744719
0.89328096,0.73802000,0.73813376
0.89482852,0.73852000,0.73874093
0.89609016,0.73902000,0.73923489
0.89737775,0.73952000,0.73973804
0.89861314,0.74002000,0.74021988
0.90025728,0.74052000,0.74085977
0.90161853,0.74102000,0.74138836
0.90267773,0.74152000,0.74179891
0.90424315,0.74202000,0.74240449
0.90579391,0.74252000,0.74300300
0.90720709,0.74302000,0.74354720
0.90868481,0.74352000,0.74411501
0.90982674,0.74402000,0.74455294
0.91087338,0.74452000,0.74495367
0.91194775,0.74502000,0.74536436
0.91361645,0.74552000,0.74600093
0.91461440,0.74602000,0.74638087
0.91568303,0.74652000,0.74678707
0.91676224,0.74702000,0.74719665
0.91852504,0.74752000,0.74786423
0.91988461,0.74802000,0.74837790
0.92151066,0.74852000,0.74899088
0.92266353,0.74902000,0.74942457
0.92364405,0.74952000,0.74979284
0.92459544,0.75002000,0.75014966
0.92593947,0.75052000,0.75065286
0.92720741,0.75102000,0.75112664
0.92861064,0.75152000,0.75164993
0.93013002,0.75202000,0.75221530
0.93145848,0.75252000,0.75270856
0.93320977,0.75302000,0.75335733
0.93476474,0.75352000,0.75393194
0.93589634,0.75402000,0.75434926
0.93703686,0.75452000,0.75476916
0.93814398,0.75502000,0.75517607
0.93954597,0.75552000,0.75569039
0.94077943,0.75602000,0.75614199
0.94230355,0.75652000,0.75669886
0.94347906,0.75702000,0.75712748
0.94435051,0.75752000,0.75744475
0.94620670,0.75802000,0.75811915
0.94761663,0.75852000,0.75863017
0.94908921,0.75902000,0.75916273
0.95014204,0.75952000,0.75954277
0.95211442,0.76002000,0.76025313
0.95392950,0.76052000,0.76090498
0.95547521,0.76102000,0.76145870
0.95698977,0.76152000,0.76200001
0.95826035,0.76202000,0.76245318
0.95978161,0.76252000,0.76299461
0.96148205,0.76302000,0.76359837
0.96298159,0.76352000,0.76412951
0.96463984,0.76402000,0.76471548
0.96573850,0.76452000,0.76510291
0.96712629,0.76502000,0.76559138
0.96827621,0.76552000,0.76599535
0.96974146,0.76602000,0.76650910
0.97145283,0.76652000,0.76710772
0.97270096,0.76702000,0.76754333
0.97443299,0.76752000,0.76814648
0.97574336,0.76802000,0.76860175
0.97671289,0.76852000,0.76893803
0.97806468,0.76902000,0.76940608
0.98030827,0.76952000,0.77018081
0.98208033,0.77002000,0.77079088
0.98367759,0.77052000,0.77133938
0.98519830,0.77102000,0.77186038
0.98702151,0.77152000,0.77248344
0.98863820,0.77202000,0.77303451
0.99007286,0.77252000,0.77352241
0.99148826,0.77302000,0.77400274
0.99309960,0.77352000,0.77454831
0.99502434,0.77402000,0.77519828
0.99662243,0.77452000,0.77573651
0.99771212,0.77502000,0.77610278
0.99909375,0.77552000,0.77656632
1.00115866,0.77602000,0.77725730
1.00259587,0.77652000,0.77773698
1.00405823,0.77702000,0.77822398
1.00631122,0.77752000,0.77897221
1.00808011,0.77802000,0.77955789
1.00942504,0.77852000,0.78000216
1.01096281,0.77902000,0.78050904
1.01246700,0.77952000,0.78100371
1.01399731,0.78002000,0.78150583
1.01542042,0.78052000,0.78197175
1.01694463,0.78102000,0.78246966
1.01855666,0.78152000,0.78299502
1.02011100,0.78202000,0.78350038
1.02215589,0.78252000,0.78416344
1.02399771,0.78302000,0.78475892
1.02535132,0.78352000,0.78519550
1.02651115,0.78402000,0.78556888
1.02829350,0.78452000,0.78614140
1.02953405,0.78502000,0.78653899
1.03085685,0.78552000,0.78696212
1.03231140,0.78602000,0.78742642
1.03408012,0.78652000,0.78798965
1.03613618,0.78702000,0.78864250
1.03787697,0.78752000,0.78919368
1.03933420,0.78802000,0.78965396
1.04093028,0.78852000,0.79015695
1.04256062,0.78902000,0.79066950
1.04389662,0.78952000,0.79108858
1.04507612,0.79002000,0.79145787
1.04624405,0.79052000,0.79182289
1.04793711,0.79102000,0.79235091
1.04927686,0.79152000,0.79276778
1.05069021,0.79202000,0.79320665
1.05248250,0.79252000,0.79376186
1.05403446,0.79302000,0.79424141
1.05557188,0.79352000,0.79471537
1.05670425,0.79402000,0.79506376
1.05792990,0.79452000,0.79544018
1.05930716,0.79502000,0.79586235
1.06097597,0.79552000,0.79637271
1.06256148,0.79602000,0.79685641
1.06417112,0.79652000,0.79734630
1.06547337,0.79702000,0.79774178
1.06696477,0.79752000,0.79819374
1.06791373,0.79802000,0.79848079
1.06941454,0.79852000,0.79893395
1.07103340,0.79902000,0.79942160
1.07218689,0.79952000,0.79976835
1.07386416,0.80002000,0.80027148
1.07587957,0.80052000,0.80087437
1.07787437,0.80102000,0.80146931
1.07982231,0.80152000,0.80204855
1.08123386,0.80202000,0.80246723
1.08290840,0.80252000,0.80296277
1.08452067,0.80302000,0.80343871
1.08629596,0.80352000,0.80396145
1.08785366,0.80402000,0.80441896
1.08897881,0.80452000,0.80474878
1.09102583,0.80502000,0.80534738
1.09337152,0.80552000,0.80603107
1.09488735,0.80602000,0.80647160
1.09645585,0.80652000,0.80692639
1.09870557,0.80702000,0.80757684
1.10106542,0.80752000,0.80825677
1.10242405,0.80802000,0.80864713
1.10440212,0.80852000,0.80921405
1.10627914,0.80902000,0.80975046
1.10835784,0.80952000,0.81034275
1.11023000,0.81002000,0.81087460
1.11180607,0.81052000,0.81132119
1.11367936,0.81102000,0.81185062
1.11631667,0.81152000,0.81259346
1.11894700,0.81202000,0.81333141
1.12080808,0.81252000,0.81385179
1.12226846,0.81302000,0.81425912
1.12435538,0.81352000,0.81483965
1.12596534,0.81402000,0.81528626
1.12821122,0.81452000,0.81590748
1.12992752,0.81502000,0.81638081
1.13173720,0.81552000,0.81687857
1.13335831,0.81602000,0.81732332
1.13484577,0.81652000,0.81773045
1.13701254,0.81702000,0.81832189
1.13909416,0.81752000,0.81888829
1.14099575,0.81802000,0.81940415
1.14267991,0.81852000,0.81985980
1.14545111,0.81902000,0.82060706
1.14728388,0.81952000,0.82109956
1.14911181,0.82002000,0.82158941
1.15043422,0.82052000,0.82194296
1.15205698,0.82102000,0.82237585
1.15332397,0.82152000,0.82271310
1.15527005,0.82202000,0.82322987
1.15719036,0.82252000,0.82373831
1.15877817,0.82302000,0.82415762
1.16037909,0.82352000,0.82457938
1.16220999,0.82402000,0.82506048
1.16439736,0.82452000,0.82563353
1.16593424,0.82502000,0.82603504
1.16861295,0.82552000,0.82673264
1.17046925,0.82602000,0.82721442
1.17234670,0.82652000,0.82770033
1.17411348,0.82702000,0.82815635
1.17567408,0.82752000,0.82855815
1.17788458,0.82802000,0.82912566
1.17996957,0.82852000,0.82965924
1.18200505,0.82902000,0.83017853
1.18448360,0.82952000,0.83080873
1.18627491,0.83002000,0.83126273
1.18828709,0.83052000,0.83177125
1.19007816,0.83102000,0.83222261
1.19246744,0.83152000,0.83282283
1.19406023,0.83202000,0.83322178
1.19614378,0.83252000,0.83374220
1.19789518,0.83302000,0.83417840
1.20018108,0.83352000,0.83474600
1.20226708,0.83402000,0.83526228
1.20402542,0.83452000,0.83569620
1.20618385,0.83502000,0.83622730
1.20771197,0.83552000,0.83660226
1.20995699,0.83602000,0.83715159
1.21189332,0.83652000,0.83762389
1.21375039,0.83702000,0.83807558
1.21573227,0.83752000,0.83855624
1.21776473,0.83802000,0.83904768
1.21998602,0.83852000,0.83958307
1.22311106,0.83902000,0.84033327
1.22518057,0.83952000,0.84082815
1.22782958,0.84002000,0.84145937
1.22978125,0.84052000,0.84192282
1.23166714,0.84102000,0.84236936
1.23364426,0.84152000,0.84283615
1.23468232,0.84202000,0.84308068
1.23677043,0.84252000,0.84357141
1.23870270,0.84302000,0.84402414
1.24067035,0.84352000,0.84448382
1.24276910,0.84402000,0.84497264
1.24508232,0.84452000,0.84550963
1.24715667,0.84502000,0.84598958
1.24932816,0.84552000,0.84649041
1.25182889,0.84602000,0.84706516
1.25428877,0.84652000,0.84762842
1.25638885,0.84702000,0.84810766
1.25853038,0.84752000,0.84859480
1.26106206,0.84802000,0.84916867
1.26289516,0.84852000,0.84958283
1.26488370,0.84902000,0.85003083
1.26694630,0.84952000,0.85049410
1.26865506,0.85002000,0.85087682
1.27075848,0.85052000,0.85134658
1.27291844,0.85102000,0.85182743
1.27532565,0.85152000,0.85236149
1.27864598,0.85202000,0.85309497
1.28065036,0.85252000,0.85353599
1.28314040,0.85302000,0.85408202
1.28573446,0.85352000,0.85464870
1.28797707,0.85402000,0.85513683
1.29010515,0.85452000,0.85559851
1.29161490,0.85502000,0.85592515
1.29384484,0.85552000,0.85640627
1.29589988,0.85602000,0.85684822
1.29750765,0.85652000,0.85719304
1.29987837,0.85702000,0.85769997
1.30257260,0.85752000,0.85827389
1.30449882,0.85802000,0.85868280
1.30641835,0.85852000,0.85908910
1.30858567,0.85902000,0.85954646
1.31143280,0.85952000,0.86014501
1.31337968,0.86002000,0.86055284
1.31507559,0.86052000,0.86090712
1.31851838,0.86102000,0.86162357
1.32049894,0.86152000,0.86203406
1.32306832,0.86202000,0.86256476
1.32551996,0.86252000,0.86306925
1.32788237,0.86302000,0.86355362
1.33047714,0.86352000,0.86408366
1.33248011,0.86402000,0.86449140
1.33470943,0.86452000,0.86494378
1.33683348,0.86502000,0.86537339
1.33915946,0.86552000,0.86584228
1.34182656,0.86602000,0.86637793
1.34538730,0.86652000,0.86708972
1.34818305,0.86702000,0.86764593
1.35147930,0.86752000,0.86829872
1.35375565,0.86802000,0.86874765
1.35597498,0.86852000,0.86918386
1.35879162,0.86902000,0.86973539
1.36212787,0.86952000,0.87038565
1.36607613,0.87002000,0.87115101
1.36829331,0.87052000,0.87157882
1.37086858,0.87102000,0.87207394
1.37377111,0.87152000,0.87262970
1.37573014,0.87202000,0.87300343
1.37774788,0.87252000,0.87338722
1.37970871,0.87302000,0.87375907
1.38222484,0.87352000,0.87423463
1.38496592,0.87402000,0.87475067
1.38765831,0.87452000,0.87525548
1.39068077,0.87502000,0.87581975
1.39375001,0.87552000,0.87639015
1.39616684,0.87602000,0.87683745
1.39857037,0.87652000,0.87728069
1.40200251,0.87702000,0.87791085
1.40496000,0.87752000,0.87845127
1.40801616,0.87802000,0.87900720
1.41022882,0.87852000,0.87940811
1.41306321,0.87902000,0.87991973
1.41499460,0.87952000,0.88026711
1.41824263,0.88002000,0.88084903
1.42044888,0.88052000,0.88124270
1.42321394,0.88102000,0.88173423
1.42555715,0.88152000,0.88214918
1.42745931,0.88202000,0.88248496
1.43028630,0.88252000,0.88298223
1.43272324,0.88302000,0.88340919
1.43471938,0.88352000,0.88375777
1.43626756,0.88402000,0.88402740
1.43916519,0.88452000,0.88453038
1.44235006,0.88502000,0.88508069
1.44487715,0.88552000,0.88551549
1.44730680,0.88602000,0.88593196
1.45080957,0.88652000,0.88652972
1.45304737,0.88702000,0.88690997
1.45623274,0.88752000,0.88744903
1.45976816,0.88802000,0.88804432
1.46268993,0.88852000,0.88853391
1.46496952,0.88902000,0.88891441
1.46859923,0.88952000,0.88951758
1.47257656,0.89002000,0.89017475
1.47563581,0.89052000,0.89067757
1.48004427,0.89102000,0.89139810
1.48391783,0.89152000,0.89202729
1.48716719,0.89202000,0.89255227
1.49038020,0.89252000,0.89306887
1.49405610,0.89302000,0.89365685
1.49718245,0.89352000,0.89415438
1.50058973,0.89402000,0.89469397
1.50342710,0.89452000,0.89514121
1.50588322,0.89502000,0.89552681
1.50840521,0.89552000,0.89592129
1.51051349,0.89602000,0.89624991
1.51334151,0.89652000,0.89668909
1.51651787,0.89702000,0.89718014
1.52122964,0.89752000,0.89790428
1.52454027,0.89802000,0.89841002
1.52843532,0.89852000,0.89900184
1.53193109,0.89902000,0.89953005
1.53382723,0.89952000,0.89981540
1.53705669,0.90002000,0.90029954
1.54011508,0.90052000,0.90075588
1.54309228,0.90102000,0.90119810
1.54622649,0.90152000,0.90166151
1.54911843,0.90202000,0.90208717
1.55284996,0.90252000,0.90263368
1.55589805,0.90302000,0.90307784
1.55921616,0.90352000,0.90355904
1.56231525,0.90402000,0.90400631
1.56660473,0.90452000,0.90462198
1.57064092,0.90502000,0.90519768
1.57387077,0.90552000,0.90565586
1.57762012,0.90602000,0.90618497
1.58216589,0.90652000,0.90682248
1.58577846,0.90702000,0.90732603
1.58830022,0.90752000,0.90767592
1.59158720,0.90802000,0.90813001
1.59447128,0.90852000,0.90852659
1.59697759,0.90902000,0.90886983
1.60008720,0.90952000,0.90929391
1.60416160,0.91002000,0.90984658
1.60754707,0.91052000,0.91030324
1.61068260,0.91102000,0.91072412
1.61517075,0.91152000,0.91132312
1.61996607,0.91202000,0.91195869
1.62440876,0.91252000,0.91254345
1.62696139,0.91302000,0.91287767
1.63042100,0.91352000,0.91332862
1.63490459,0.91402000,0.91390956
1.63886139,0.91452000,0.91441901
1.64242705,0.91502000,0.91487552
1.64662576,0.91552000,0.91540995
1.65069189,0.91602000,0.91592431
1.65480199,0.91652000,0.91644106
1.65876672,0.91702000,0.91693651
1.66383046,0.91752000,0.91756504
1.66844354,0.91802000,0.91813349
1.67146257,0.91852000,0.91850339
1.67446141,0.91902000,0.91886916
1.67775575,0.91952000,0.91926908
1.68105006,0.92002000,0.91966702
1.68562983,0.92052000,0.92021699
1.68980882,0.92102000,0.92071555
1.69314455,0.92152000,0.92111126
1.69656441,0.92202000,0.92151491
1.70211252,0.92252000,0.92216537
1.70643223,0.92302000,0.92266807
1.70956320,0.92352000,0.92303040
1.71336112,0.92402000,0.92346764
1.71820524,0.92452000,0.92402173
1.72358672,0.92502000,0.92463257
1.72971797,0.92552000,0.92532254
1.73287230,0.92602000,0.92567504
1.73768847,0.92652000,0.92621005
1.74201732,0.92702000,0.92668763
1.74514141,0.92752000,0.92703038
1.74922622,0.92802000,0.92747612
1.75417595,0.92852000,0.92801258
1.75847742,0.92902000,0.92847556
1.76518296,0.92952000,0.92919137
1.77073188,0.93002000,0.92977829
1.77474370,0.93052000,0.93019960
1.77870293,0.93102000,0.93061291
1.78254991,0.93152000,0.93101215
1.78707802,0.93202000,0.93147914
1.79202956,0.93252000,0.93198618
1.79831613,0.93302000,0.93262452
1.80234621,0.93352000,0.93303059
1.80810144,0.93402000,0.93360624
1.81327129,0.93452000,0.93411911
1.81812433,0.93502000,0.93459696
1.82458805,0.93552000,0.93522801
1.83046053,0.93602000,0.93579607
1.83511147,0.93652000,0.93624242
1.84212348,0.93702000,0.93690951
1.84703960,0.93752000,0.93737304
1.85388722,0.93802000,0.93801301
1.85918675,0.93852000,0.93850381
1.86512290,0.93902000,0.93904896
1.87169450,0.93952000,0.93964683
1.87676611,0.94002000,0.94010422
1.88164553,0.94052000,0.94054100
1.88850422,0.94102000,0.94114958
1.89293437,0.94152000,0.94153936
1.89775238,0.94202000,0.94196033
1.90238407,0.94252000,0.94236217
1.90803455,0.94302000,0.94284863
1.91353732,0.94352000,0.94331842
1.91869032,0.94402000,0.94375485
1.92707826,0.94452000,0.94445809
1.93287575,0.94502000,0.94493900
1.93985270,0.94552000,0.94551223
1.94577333,0.94602000,0.94599399
1.95341259,0.94652000,0.94660931
1.95868774,0.94702000,0.94703011
1.96337439,0.94752000,0.94740118
1.96916700,0.94802000,0.94785623
1.97624954,0.94852000,0.94840726
1.98001893,0.94902000,0.94869815
1.98791314,0.94952000,0.94930205
1.99667520,0.95002000,0.94996401
2.00166593,0.95052000,0.95033719
2.00714642,0.95102000,0.95074378
2.01373567,0.95152000,0.95122822
2.01912914,0.95202000,0.95162121
2.02548647,0.95252000,0.95208035
2.03429675,0.95302000,0.95270947
2.04359880,0.95352000,0.95336473
2.05079605,0.95402000,0.95386549
2.05807705,0.95452000,0.95436661
2.06560347,0.95502000,0.95487890
2.07494197,0.95552000,0.95550654
2.08207674,0.95602000,0.95598017
2.09045906,0.95652000,0.95653019
2.09990340,0.95702000,0.95714166
2.10627642,0.95752000,0.95754942
2.11591927,0.95802000,0.95815901
2.12303515,0.95852000,0.95860324
2.13293775,0.95902000,0.95921360
2.14191534,0.95952000,0.95975917
2.15224587,0.96002000,0.96037792
2.16206806,0.96052000,0.96095741
2.16973591,0.96102000,0.96140389
2.17766949,0.96152000,0.96186048
2.18508124,0.96202000,0.96228215
2.19329166,0.96252000,0.96274382
2.20248581,0.96302000,0.96325410
2.21292951,0.96352000,0.96382526
2.22571426,0.96402000,0.96451238
2.23532539,0.96452000,0.96502032
2.24347806,0.96502000,0.96544549
2.25175242,0.96552000,0.96587171
2.26442484,0.96602000,0.96651432
2.27323538,0.96652000,0.96695394
2.28136046,0.96702000,0.96735425
2.29102795,0.96752000,0.96782424
2.29943649,0.96802000,0.96822752
2.30931523,0.96852000,0.96869486
2.31890757,0.96902000,0.96914207
2.33049159,0.96952000,0.96967362
2.34047636,0.97002000,0.97012444
2.34862188,0.97052000,0.97048725
2.36290525,0.97102000,0.97111283
2.37344025,0.97152000,0.97156574
2.38487629,0.97202000,0.97204934
2.39785988,0.97252000,0.97258842
2.41152720,0.97302000,0.97314467
2.42380544,0.97352000,0.97363474
2.43898553,0.97402000,0.97422830
2.45428002,0.97452000,0.97481282
2.46904212,0.97502000,0.97536441
2.48845642,0.97552000,0.97607149
2.50182756,0.97602000,0.97654664
2.51633578,0.97652000,0.97705152
2.52825493,0.97702000,0.97745817
2.54219606,0.97752000,0.97792466
2.55987499,0.97802000,0.97850237
2.57522732,0.97852000,0.97899177
2.58755693,0.97902000,0.97937673
2.60403070,0.97952000,0.97988010
2.62068027,0.98002000,0.98037636
2.63734081,0.98052000,0.98086070
2.65393285,0.98102000,0.98133116
2.67452461,0.98152000,0.98189898
2.68959270,0.98202000,0.98230351
2.71164538,0.98252000,0.98287932
2.73936658,0.98302000,0.98357663
2.75812764,0.98352000,0.98403237
2.77699922,0.98402000,0.98447803
2.79771210,0.98452000,0.98495287
2.82022855,0.98502000,0.98545260
2.84516081,0.98552000,0.98598660
2.86068887,0.98602000,0.98630923
2.89105950,0.98652000,0.98691893
2.92010114,0.98702000,0.98747654
2.94927395,0.98752000,0.98801274
2.97781775,0.98802000,0.98851515
2.99744255,0.98852000,0.98884831
3.05171126,0.98902000,0.98972012
3.08592287,0.98952000,0.99023435
3.11028332,0.99002000,0.99058475
3.14597260,0.99052000,0.99107554
3.17378950,0.99102000,0.99144025
3.20180302,0.99152000,0.99179248
3.23170653,0.99202000,0.99215250
3.27060289,0.99252000,0.99259725
3.31166574,0.99302000,0.99303946
3.37054607,0.99352000,0.99362785
3.41511200,0.99402000,0.99403990
3.47286610,0.99452000,0.99453450
3.51912489,0.99502000,0.99490088
3.57889901,0.99552000,0.99533818
3.65054612,0.99602000,0.99581320
3.72923981,0.99652000,0.99627936
3.83564564,0.99702000,0.99682824
3.94737840,0.99752000,0.99731767
4.04382146,0.99802000,0.99767894
4.26040305,0.99852000,0.99832276
4.44498358,0.99902000,0.99872839
4.86703945,0.99952000,0.99932484
